cluster_id,violation_count,center_lat,center_lon,top_violation,top_vehicle_type,most_common_hour,police_station,junction_name,avg_violations_per_stop,rank,total_impact,avg_impact,peak_impact,priority_score,enforcement_priority_rank
2,173797,12.980887367260914,77.57671766398158,WRONG PARKING,SCOOTER,5,Upparpet,No Junction,1.0856574049034218,1,913189.5,5.254345587092987,30.75,617432.5,1
6,20196,12.936780655900485,77.69105384896451,NO PARKING,SCOOTER,22,HAL Old Airport,No Junction,1.4777678748266982,2,138549.5,6.860244602891662,22.5,91208.09999999999,2
3,5592,13.007848503339808,77.69311784178183,WRONG PARKING,CAR,19,K.R. Pura,No Junction,1.274856938483548,5,43397.5,7.760640200286123,20.25,28275.3,3
0,7235,12.904864625752804,77.63374906481688,WRONG PARKING,CAR,5,HSR Layout,No Junction,1.0656530753282654,3,42155.5,5.826606772633034,20.25,28187.3,4
15,4135,12.99836013400374,77.67284283694399,PARKING IN A MAIN ROAD,PASSENGER AUTO,19,Mahadevapura,No Junction,1.7143893591293833,10,37353.25,9.033434099153567,21.75,24065.95,5
16,5109,13.185468992892933,77.68050902288707,NO PARKING,CAR,23,Chikkajala,No Junction,1.2431004110393424,6,33881.5,6.6317283225680175,24.0,22372.499999999996,6
44,6218,13.070993794329048,77.58844309648602,WRONG PARKING,SCOOTER,6,Kodigehalli,No Junction,1.0831457060147958,4,32339.5,5.2009488581537475,17.25,21890.9,7
50,4316,12.966761729705444,77.71543597547236,WRONG PARKING,CAR,23,HAL Old Airport,No Junction,1.1431881371640409,9,24556.5,5.689643188137164,21.75,16460.3,8
32,4766,13.035499864058757,77.588922274407,NO PARKING,SCOOTER,22,Hebbala,No Junction,1.100503566932438,7,23082.75,4.843212337389844,21.75,15756.05,9
25,4374,12.922607912506304,77.58111746839361,NO PARKING,CAR,3,Jayanagara,"BTP189 - New Diagonal Road, Jayanagar",1.1550068587105624,8,22646.75,5.177583447645176,21.75,15337.65,10
55,2911,12.948234824710187,77.53522197435929,WRONG PARKING,SCOOTER,5,Byatarayanapura,BTP096 - Gali Anjaneya Temple,1.2480247337684645,12,19788.25,6.797749914118859,21.75,13037.349999999999,11
11,2626,12.969165480410478,77.6435572730607,NO PARKING,CAR,2,Jeevanbheemanagar,No Junction,1.4577303884234578,13,18252.75,6.950780654988576,21.75,12002.05,12
63,3117,12.934692680181849,77.62166060303022,NO PARKING,CAR,6,Adugodi,No Junction,1.13795316008983,11,16322.75,5.236685915944819,20.25,11040.45,13
12,2125,12.841830173489322,77.64608044631032,WRONG PARKING,SCOOTER,7,Electronic City,No Junction,1.0451764705882354,15,13107.0,6.168,15.75,8714.2,14
14,1726,12.995917370326902,77.69509226393637,NO PARKING,PASSENGER AUTO,5,Mahadevapura,No Junction,1.4727694090382386,16,12838.75,7.438441483198146,21.75,8393.65,15
33,2374,12.95968544190052,77.64934829458367,NO PARKING,CAR,23,Jeevanbheemanagar,No Junction,1.1887110362257791,14,12079.25,5.088142375737153,18.75,8197.15,16
34,1499,13.013176509272848,77.52949429006004,NO PARKING,CAR,5,Rajajinagar,No Junction,1.4162775183455638,18,10997.25,7.336390927284857,18.0,7197.95,17
36,1426,12.93150113639551,77.60703750539972,NO PARKING,SCOOTER,21,Mico Layout,No Junction,1.406030855539972,19,10788.0,7.565217391304348,18.0,7043.2,18
29,1507,13.060512552601566,77.59029653604097,WRONG PARKING,CAR,7,Kodigehalli,No Junction,1.1433311214333113,17,10120.0,6.7153284671532845,21.75,6674.8,19
56,954,13.191226043584903,77.64620810550315,NO PARKING,CAR,20,Chikkajala,No Junction,1.409853249475891,26,7449.25,7.808438155136268,19.5,4851.150000000001,20
57,1353,13.028415026039603,77.57427147045674,WRONG PARKING,CAR,5,Sadashivanagar,No Junction,1.082039911308204,20,7074.25,5.228566149297857,15.75,4785.75,21
108,1239,12.971760220395884,77.65808535337372,NO PARKING,SCOOTER,1,Jeevanbheemanagar,No Junction,1.2203389830508475,21,6469.5,5.221549636803874,15.75,4377.3,22
42,1152,13.047723415364583,77.5756471078125,WRONG PARKING,MOTOR CYCLE,20,Kodigehalli,No Junction,1.0746527777777777,23,6377.5,5.536024305555555,15.75,4287.3,23
43,1117,12.939626030785538,77.58492294797107,NO PARKING,SCOOTER,21,Wilson Garden,No Junction,1.0760966875559534,24,6040.25,5.40756490599821,15.75,4070.9500000000003,24
5,1171,12.90540762991525,77.67774321615114,NO PARKING,CAR,5,Bellandur,No Junction,1.0426985482493596,22,5982.5,5.108881298035866,15.75,4057.9,25
1,737,12.955495304981191,77.51965000730594,NO PARKING,CAR,6,Byatarayanapura,No Junction,1.4640434192673,31,6267.5,8.504070556309362,28.5,4055.3,26
47,683,12.987432831185943,77.73454871273792,PARKING ON FOOTPATH,MOTOR CYCLE,6,Whitefield,No Junction,2.4568081991215225,33,6217.75,9.103587115666178,21.0,4003.8499999999995,27
97,1009,12.960801841170284,77.52836361797695,WRONG PARKING,SCOOTER,6,Byatarayanapura,No Junction,1.1199207135777998,25,5526.25,5.476957383548068,17.25,3719.35,28
40,939,12.993464007435678,77.6623773891594,NO PARKING,SCOOTER,9,Banaswadi,No Junction,1.0362087326943556,27,5211.75,5.550319488817891,20.25,3502.6499999999996,29
69,842,13.097254623432208,77.59933732899819,WRONG PARKING,SCOOTER,20,Yelahanka,No Junction,1.0878859857482186,28,5148.25,6.114311163895487,15.75,3425.75,30
27,747,12.979132101004106,77.64030112997827,NO PARKING,SCOOTER,4,Jeevanbheemanagar,No Junction,1.6358768406961175,30,5143.0,6.884872824631861,18.0,3384.6,31
65,566,12.978914679801983,77.69530379905304,NO PARKING,MAXI-CAB,22,Mahadevapura,No Junction,2.2367491166077738,41,4997.75,8.82994699646643,28.5,3225.05,32
105,585,13.121481596153846,77.62378838538461,WRONG PARKING,MAXI-CAB,22,Yelahanka,No Junction,1.2632478632478632,38,4310.5,7.368376068376068,19.5,2820.2999999999997,33
126,399,12.951439568419085,77.71746167328988,PARKING IN A MAIN ROAD,SCOOTER,3,Whitefield,No Junction,2.055137844611529,49,4174.0,10.461152882205514,22.5,2664.0,34
35,691,13.02199748813314,77.59233559565847,WRONG PARKING,CAR,23,R.T. Nagar,No Junction,1.0564399421128798,32,3578.5,5.178726483357453,15.75,2423.5,35
30,753,12.946986284168716,77.59556392524568,NO PARKING,SCOOTER,5,Wilson Garden,"BTP123 - 10th Cross, Wilson Garden",1.0199203187250996,29,3521.75,4.6769588313413015,11.5,2414.2499999999995,36
87,575,12.870561056919565,77.65487131049994,WRONG PARKING,CAR,7,Electronic City,No Junction,1.1095652173913044,40,3500.0,6.086956521739131,18.0,2330.0,37
81,431,13.032783146581544,77.55893502162883,NO PARKING,CAR,22,Yeshwanthpura,No Junction,1.5220417633410672,46,3423.75,7.943735498839907,18.0,2226.65,38
39,604,12.997140815772454,77.58317927935221,NO PARKING,CAR,4,Sheshadripuram,BTP032 - Windsor Circle,1.2450331125827814,37,3207.5,5.310430463576159,18.0,2166.1,39
93,582,12.876008930679044,77.59582339364287,NO PARKING,SCOOTER,0,Hulimavu,No Junction,1.02233676975945,39,3048.5,5.237972508591065,10.5,2061.9,40
90,479,13.040326246346556,77.51769618997913,NO PARKING,CAR,6,Peenya,No Junction,1.394572025052192,45,2986.0,6.233820459290188,24.75,1983.1999999999998,41
24,634,12.913766851892744,77.60666030835962,NO PARKING,SCOOTER,6,Mico Layout,No Junction,1.0078864353312302,35,2800.0,4.416403785488959,11.25,1933.6,42
71,391,13.048479580383631,77.49818745809037,WRONG PARKING,SCOOTER,20,Chikkabanavara,No Junction,1.485933503836317,51,2942.25,7.524936061381074,27.0,1921.75,43
77,512,12.960963984960935,77.51133746484375,NO PARKING,CAR,6,Jnanabharathi,No Junction,1.0859375,43,2852.75,5.57177734375,24.0,1916.4499999999998,44
66,636,13.03488699504594,77.62453532671383,NO PARKING,CAR,21,K.G. Halli,No Junction,1.0393081761006289,34,2746.0,4.317610062893082,17.25,1902.0,45
72,618,12.90801301197411,77.60082311488674,NO PARKING,SCOOTER,0,Mico Layout,BTP130 - GD Mara Junction,1.077669902912621,36,2723.25,4.406553398058253,21.75,1881.15,46
156,420,12.84045878595748,77.67688467340082,NO PARKING,SCOOTER,4,Electronic City,No Junction,1.45,47,2799.25,6.664880952380952,21.75,1847.55,47
125,242,12.91717780247934,77.59607140371901,NO PARKING,CAR,21,Jayanagara,"BTP202 - East End Main Road, Jayanagar",2.9834710743801653,64,2803.5,11.584710743801653,28.5,1778.8999999999999,48
17,483,12.989556180069998,77.5031629377842,NO PARKING,SCOOTER,5,Kamakshipalya,No Junction,1.165631469979296,44,2533.75,5.245859213250518,19.5,1713.45,49
7,526,12.98901396373266,77.5933194087971,NO PARKING,CAR,0,High ground,No Junction,1.049429657794677,42,2453.5,4.664448669201521,10.5,1682.5,50
60,267,12.819371811610486,77.68844060861424,PARKING IN A MAIN ROAD,SCOOTER,20,Electronic City,No Junction,2.02621722846442,58,2451.5,9.181647940074907,18.0,1577.6999999999998,51
101,405,13.09363551530864,77.59422695061728,WRONG PARKING,SCOOTER,0,Yelahanka,No Junction,1.0469135802469136,48,2131.75,5.26358024691358,24.0,1441.05,52
140,396,13.003353667929291,77.5949453229798,WRONG PARKING,CAR,22,R.T. Nagar,No Junction,1.116161616161616,50,2128.75,5.375631313131313,15.75,1435.65,53
4,299,12.874397548730968,77.54149833124026,WRONG PARKING,CAR,5,Thalagattapura,No Junction,1.2006688963210703,56,1841.5,6.15886287625418,17.25,1224.4999999999998,54
41,381,12.888470026243215,77.56272327881992,NO PARKING,SCOOTER,5,Thalagattapura,No Junction,1.0236220472440944,52,1742.75,4.574146981627297,10.5,1198.05,55
68,299,13.022455009136,77.63910677449192,WRONG PARKING,SCOOTER,7,Banaswadi,No Junction,1.0668896321070234,55,1785.5,5.971571906354515,15.75,1190.8999999999999,56
58,228,13.04583421885965,77.75027977368421,NO PARKING,CAR,6,K.R. Pura,No Junction,1.763157894736842,68,1809.25,7.93530701754386,26.25,1176.75,57
31,340,12.926700892058824,77.55073330911765,NO PARKING,SCOOTER,4,Banashankari,BTP155 - Katriguppe Junction,1.0941176470588236,53,1612.75,4.743382352941176,12.0,1103.65,58
143,156,12.910333316487511,77.5508473616632,PARKING IN A MAIN ROAD,CAR,5,K.S. Layout,No Junction,1.878205128205128,84,1725.5,11.060897435897436,18.0,1097.7,59
53,208,12.90656797786355,77.5446663376375,NO PARKING,CAR,7,K.S. Layout,No Junction,1.4375,72,1671.25,8.03485576923077,18.0,1085.95,60
134,326,12.938270633862617,77.5780433016548,NO PARKING,CAR,0,Basavanagudi,BTP216 - Yediyur Junction,1.01840490797546,54,1496.5,4.590490797546012,10.5,1028.3,61
340,166,12.991869759036144,77.65226675903615,NO PARKING,SCOOTER,1,Banaswadi,No Junction,1.9698795180722888,81,1600.5,9.641566265060241,12.0,1026.7,62
106,183,12.94100406612022,77.74736585737705,WRONG PARKING,CAR,6,Whitefield,No Junction,1.8961748633879785,76,1576.0,8.612021857923498,26.25,1018.8,63
73,251,13.00692947370518,77.57961119641433,NO PARKING,CAR,2,Sadashivanagar,No Junction,1.2709163346613546,60,1521.75,6.062749003984064,19.5,1013.4499999999999,64
121,148,13.003463336486488,77.72349642094595,PARKING IN A MAIN ROAD,SCOOTER,22,K.R. Pura,No Junction,2.0,85,1564.5,10.570945945945946,15.75,997.9,65
10,266,13.04543737443609,77.50700083496241,WRONG PARKING,PASSENGER AUTO,0,Peenya,No Junction,1.075187969924812,59,1468.75,5.521616541353383,19.5,987.65,66
94,245,12.904359340816328,77.5878062265306,NO PARKING,CAR,6,J.P. Nagar,"BTP221 - 15th Cross, 24th Main, JP Nagar",1.1877551020408164,62,1405.75,5.737755102040817,15.75,941.4499999999999,67
8,277,12.915302936101083,77.6515899166065,WRONG PARKING,SCOOTER,5,HSR Layout,No Junction,1.0144404332129964,57,1343.5,4.850180505415162,7.5,916.9000000000001,68
28,223,12.90683046510127,77.69660582069282,WRONG PARKING,SCOOTER,2,Bellandur,No Junction,1.0269058295964126,69,1199.5,5.378923766816143,9.75,808.9,69
165,142,12.962884598806204,77.73293970875498,NO PARKING,CAR,5,Whitefield,No Junction,1.8098591549295773,89,1243.5,8.757042253521126,21.75,802.9,70
138,196,13.05095445,77.5526802505102,NO PARKING,SCOOTER,22,Jalahalli,No Junction,1.5408163265306123,74,1205.75,6.151785714285714,18.0,801.8499999999999,71
128,241,12.987122598519733,77.5195472514099,NO PARKING,SCOOTER,4,Kamakshipalya,No Junction,1.074688796680498,65,1139.75,4.729253112033195,15.75,780.25,72
137,250,13.050494744400002,77.52553118239999,NO PARKING,SCOOTER,5,Jalahalli,No Junction,1.008,61,1130.5,4.522,7.5,778.3,73
48,190,12.972553573157896,77.50816716684211,NO PARKING,CAR,2,Jnanabharathi,No Junction,1.326315789473684,75,1152.0,6.063157894736842,24.0,767.1999999999999,74
98,232,12.910847840948277,77.64450631724138,NO PARKING,CAR,4,HSR Layout,No Junction,1.0560344827586208,66,1098.0,4.732758620689655,7.5,751.5999999999999,75
161,138,12.957244639855071,77.74480085,NO PARKING,CAR,2,Whitefield,No Junction,1.6956521739130437,91,1135.5,8.228260869565217,21.75,736.5,76
111,221,12.987440693583869,77.61868147422568,NO PARKING,CAR,4,Pulikeshinagar(F.Town),No Junction,1.0995475113122173,70,1068.5,4.834841628959276,18.0,729.5,77
208,106,12.985459871698112,77.74565409339623,PARKING IN A MAIN ROAD,SCOOTER,5,Whitefield,No Junction,2.0660377358490565,103,1108.75,10.459905660377359,15.75,707.65,78
158,126,12.968087841732352,77.74962946640245,PARKING IN A MAIN ROAD,CAR,2,Whitefield,No Junction,1.809523809523809,95,1091.75,8.66468253968254,15.75,705.4499999999999,79
13,244,12.934975759016393,77.53651790614755,NO PARKING,SCOOTER,21,Banashankari,No Junction,1.0450819672131149,63,1006.5,4.125,7.5,701.5,80
132,231,13.09931324025974,77.58775242770562,NO PARKING,SCOOTER,6,Yelahanka,No Junction,1.0346320346320346,67,1012.75,4.384199134199134,14.25,700.05,81
86,217,13.057287523502303,77.5469449046083,NO PARKING,CAR,6,Jalahalli,No Junction,1.036866359447005,71,1022.0,4.709677419354839,10.5,700.0,82
82,174,12.896648908045975,77.72005069310345,WRONG PARKING,SCOOTER,5,Whitefield,No Junction,1.2758620689655171,80,1029.0,5.913793103448276,21.75,687.0,83
173,137,12.981136697080291,77.75161673065693,NO PARKING,CAR,2,Whitefield,No Junction,1.489051094890511,92,1000.75,7.304744525547445,18.0,655.2499999999999,84
37,102,13.047860276470589,77.54282144901961,WRONG PARKING,CAR,21,Jalahalli,No Junction,2.5980392156862746,108,1017.25,9.973039215686274,18.0,651.15,85
151,96,13.047208939583331,77.54842565,WRONG PARKING,CAR,5,Jalahalli,No Junction,2.59375,112,1017.75,10.6015625,20.25,649.05,86
76,181,13.053528399447512,77.50763031933703,NO PARKING,CAR,5,Chikkabanavara,No Junction,1.132596685082873,77,943.5,5.212707182320442,9.75,638.5,87
117,177,12.883191153490523,77.59660499256096,WRONG PARKING,SCOOTER,6,J.P. Nagar,No Junction,1.0169491525423728,78,941.5,5.3192090395480225,7.5,635.6999999999999,88
38,162,12.903771777790668,77.70394104671384,WRONG PARKING,CAR,6,Bellandur,No Junction,1.0,82,903.0,5.574074074074074,7.5,606.5999999999999,89
62,104,13.0354406375,77.73536159711539,PARKING ON FOOTPATH,MOTOR CYCLE,21,K.R. Pura,No Junction,2.0384615384615383,107,922.0,8.865384615384615,24.0,594.8,90
110,113,13.07201346637168,77.63372521769912,NO PARKING,CAR,2,Hennuru,No Junction,1.7256637168141593,99,906.25,8.019911504424778,18.0,588.95,91
131,200,12.8946297825,77.599067759,NO PARKING,CAR,1,J.P. Nagar,No Junction,1.045,73,844.5,4.2225,10.5,586.7,92
291,90,12.855401208402707,77.66453002912671,PARKING IN A MAIN ROAD,CAR,20,Electronic City,No Junction,1.8,116,900.5,10.005555555555556,20.25,576.3,93
96,174,13.004555005577943,77.75711041419368,NO PARKING,CAR,2,Mahadevapura,No Junction,1.0689655172413792,79,826.0,4.747126436781609,10.5,565.1999999999999,94
219,139,13.143383110647482,77.61783318251798,NO PARKING,MOTOR CYCLE,19,Chikkajala,No Junction,1.1510791366906474,90,847.25,6.095323741007194,19.5,563.9499999999999,95
222,99,12.95636025077436,77.73165598644366,NO PARKING,CAR,3,Whitefield,No Junction,1.93939393939394,110,867.75,8.765151515151516,21.75,560.25,96
257,105,13.054274614285712,77.7629146247619,WRONG PARKING,MOTOR CYCLE,5,K.R. Pura,No Junction,1.6666666666666667,106,824.5,7.852380952380952,26.25,536.7,97
52,162,12.951261655555555,77.60697944876543,NO PARKING,CAR,22,Ashok Nagar,BTP132 - Anepalya Junction,1.037037037037037,83,783.25,4.834876543209877,15.75,534.75,98
67,105,13.08425534952381,77.63677376,WRONG PARKING,MOTOR CYCLE,22,Hennuru,No Junction,1.380952380952381,105,799.25,7.6119047619047615,18.0,521.55,99
155,142,13.036580030281687,77.574799378169,WRONG PARKING,MOTOR CYCLE,4,Kodigehalli,No Junction,1.0352112676056338,88,761.5,5.362676056338028,10.5,513.6999999999999,100
231,61,12.927338608196722,77.59710771639344,NO PARKING,CAR,22,Jayanagara,"BTP127 - Sagar Hospital, Jayanagar",3.950819672131148,143,786.75,12.897540983606557,22.0,496.44999999999993,101
124,127,13.060704534271697,77.57668556539093,WRONG PARKING,CAR,22,Kodigehalli,No Junction,1.094488188976378,94,722.75,5.690944881889764,17.25,484.45,102
145,146,12.921661348715311,77.5806560085526,NO PARKING,SCOOTER,23,Jayanagara,"BTP190 - 36th Cross, 4th Main, Jayanagar",1.095890410958904,86,689.5,4.722602739726027,13.5,472.1,103
376,116,12.85093054137931,77.65745046896551,WRONG PARKING,SCOOTER,6,Electronic City,No Junction,1.0172413793103448,97,688.75,5.9375,9.75,459.65,104
293,115,13.006527312173914,77.6211379,NO PARKING,SCOOTER,23,Pulikeshinagar(F.Town),No Junction,1.182608695652174,98,681.5,5.926086956521739,16.5,454.9,105
116,124,13.019707624463727,77.53835777841338,WRONG PARKING,CAR,23,Rajajinagar,No Junction,1.0806451612903225,96,658.0,5.306451612903226,10.5,444.40000000000003,106
149,88,12.966820373863635,77.65828947727273,NO PARKING,CAR,2,Jeevanbheemanagar,No Junction,1.9204545454545447,119,638.0,7.25,15.75,418.0,107
114,142,13.098990296478872,77.57662994859155,NO PARKING,CAR,22,Yelahanka,No Junction,1.0070422535211268,87,601.5,4.235915492957746,6.0,417.7,108
51,111,12.912813148104846,77.48101129204174,NO PARKING,CAR,0,Kengeri,No Junction,1.2882882882882882,101,617.0,5.558558558558558,18.5,414.6,109
152,105,12.975857914285717,77.53164163809524,WRONG PARKING,SCOOTER,7,Vijayanagara,BTP214 - 5th Main Chamrajpet  Junction,1.0857142857142856,104,608.0,5.79047619047619,15.75,406.8,110
118,66,12.907658751640884,77.53297594871435,PARKING IN A MAIN ROAD,MOPED,0,K.S. Layout,No Junction,1.893939393939394,135,631.5,9.568181818181818,12.0,405.29999999999995,111
184,133,12.923330173466177,77.65111189900502,NO PARKING,CAR,5,HSR Layout,No Junction,1.037593984962406,93,579.5,4.357142857142857,10.5,400.9,112
147,97,13.045509112371136,77.62711825670104,NO PARKING,SCOOTER,8,Hennuru,No Junction,1.0618556701030928,111,508.5,5.242268041237113,8.25,343.9,113
146,94,13.00646919148936,77.56392693723404,WRONG PARKING,CAR,1,Malleshwaram,No Junction,1.0851063829787233,114,509.0,5.414893617021277,10.5,343.0,114
18,71,12.875619752112677,77.67084454788731,WRONG PARKING,SCOOTER,6,Electronic City,No Junction,1.4647887323943662,132,521.75,7.348591549295775,24.0,341.45,115
133,113,12.979784115044248,77.65257714778761,NO PARKING,CAR,1,Banaswadi,No Junction,1.0884955752212389,100,491.0,4.345132743362832,12.0,339.79999999999995,116
171,90,13.068550066666669,77.53030765444444,WRONG PARKING,SCOOTER,6,Jalahalli,No Junction,1.011111111111111,117,502.25,5.580555555555556,8.25,337.34999999999997,117
251,86,13.052894968193868,77.48587791644543,WRONG PARKING,CAR,6,No Police Station,No Junction,1.1744186046511629,121,500.75,5.8226744186046515,18.75,334.84999999999997,118
59,95,12.895414215841578,77.56936700380501,NO PARKING,CAR,6,K.S. Layout,No Junction,1.1157894736842104,113,482.5,5.078947368421052,11.5,327.5,119
21,100,12.920146411,77.645033209,NO PARKING,CAR,23,HSR Layout,No Junction,1.07,109,447.0,4.47,7.5,308.2,120
75,93,12.855756828218851,77.58880789682843,NO PARKING,CAR,6,Hulimavu,No Junction,1.010752688172043,115,450.75,4.846774193548387,15.75,307.65,121
168,89,13.02090427028284,77.65672449166081,WRONG PARKING,CAR,21,Hennuru,No Junction,1.0449438202247192,118,452.75,5.087078651685394,16.5,307.25,122
160,106,12.938268876415094,77.59262558584906,NO PARKING,VAN,3,Wilson Garden,No Junction,1.0,102,434.0,4.09433962264151,6.0,302.79999999999995,123
174,74,12.894378589795515,77.65722500390483,NO PARKING,SCOOTER,5,HSR Layout,No Junction,1.337837837837838,128,455.0,6.148648648648648,15.75,302.6,124
314,42,12.806362238095238,77.69840978095237,PARKING IN A MAIN ROAD,CAR,23,Electronic City,No Junction,2.880952380952381,176,469.25,11.172619047619047,14.5,298.35,125
185,47,12.96167819574468,77.61525553829787,WRONG PARKING,CAR,21,Ashok Nagar,BTP142 - Lower Agram Road Junction,2.106382978723404,168,465.25,9.898936170212766,20.25,297.95,126
142,62,13.026497532258064,77.62992313225807,WRONG PARKING,CAR,5,K.G. Halli,No Junction,1.3064516129032258,140,442.25,7.133064516129032,18.0,290.15,127
205,52,12.835656334615384,77.67918780576923,PARKING ON FOOTPATH,CAR,21,Electronic City,No Junction,2.0,158,445.25,8.5625,12.0,287.95,128
183,82,13.013022274390243,77.6264171012195,NO PARKING,SCOOTER,22,Banaswadi,No Junction,1.195121951219512,123,411.0,5.012195121951219,13.5,279.4,129
78,80,12.89522154125,77.67582984625,WRONG PARKING,SCOOTER,22,Bellandur,No Junction,1.0125,125,406.5,5.08125,7.5,275.9,130
19,72,13.010795259722222,77.50633090972222,WRONG PARKING,PASSENGER AUTO,3,Peenya,No Junction,1.0972222222222223,129,402.25,5.586805555555555,15.75,270.15,131
164,75,13.055010210666666,77.53491409066667,WRONG PARKING,SCOOTER,5,Jalahalli,No Junction,1.0933333333333333,126,396.25,5.283333333333333,24.75,267.75,132
188,57,13.02669589766082,77.51948806725146,WRONG PARKING,CAR,5,Peenya,No Junction,1.5087719298245614,149,408.0,7.157894736842105,13.5,267.59999999999997,133
197,87,13.19797653908046,77.70460146781609,NO PARKING,CAR,5,Devanahalli Airport,No Junction,1.011494252873563,120,387.5,4.454022988505747,6.0,267.3,134
179,52,12.883556637275948,77.75235374470373,WRONG PARKING,CAR,22,No Police Station,No Junction,1.8269230769230769,156,406.75,7.822115384615385,16.5,264.84999999999997,135
275,74,12.86193702162162,77.52999799594595,WRONG PARKING,CAR,6,Thalagattapura,No Junction,1.162162162162162,127,391.0,5.283783783783784,10.5,264.2,136
204,66,12.93815735,77.53325878030303,WRONG PARKING,MOTOR CYCLE,21,Banashankari,No Junction,1.106060606060606,136,394.0,5.96969696969697,10.5,262.79999999999995,137
100,61,13.010753152459015,77.58359199180327,WRONG PARKING,CAR,6,Sadashivanagar,BTP030 - Mekhri Circle,1.1967213114754098,142,383.5,6.286885245901639,10.5,254.5,138
296,34,12.942307411764704,77.54839280588236,WRONG PARKING,SCOOTER,7,Banashankari,No Junction,1.7647058823529411,190,383.0,11.264705882352942,18.0,243.39999999999998,139
252,65,13.049884987692309,77.63011889846153,NO PARKING,MOTOR CYCLE,10,Hennuru,No Junction,1.0,137,360.0,5.538461538461538,6.0,242.0,140
223,70,13.060387791428573,77.65207824000001,NO PARKING,CAR,5,Hennuru,No Junction,1.0285714285714285,133,356.5,5.0928571428571425,10.5,241.9,141
354,61,13.01413771147541,77.4921550590164,WRONG PARKING,CAR,7,Kamakshipalya,No Junction,1.0163934426229508,144,357.25,5.85655737704918,15.75,238.75,142
181,64,12.901499509375,77.6604547515625,WRONG PARKING,SCOOTER,6,Bellandur,No Junction,1.046875,138,352.25,5.50390625,9.75,236.95,143
176,80,13.00336376625,77.66259524624999,NO PARKING,SCOOTER,22,Banaswadi,No Junction,1.0375,124,337.5,4.21875,9.75,234.5,144
22,82,12.9542694902439,77.64087029512196,NO PARKING,MAXI-CAB,2,Jeevanbheemanagar,No Junction,1.0121951219512195,122,334.5,4.079268292682927,5.5,233.5,145
54,59,13.045957640799845,77.52229060707303,NO PARKING,CAR,18,Jalahalli,No Junction,1.0508474576271187,146,341.5,5.788135593220339,10.5,228.5,146
148,72,13.002125655984797,77.63302435143993,NO PARKING,SCOOTER,5,Banaswadi,No Junction,1.0555555555555556,131,322.25,4.475694444444445,15.75,222.15,147
139,72,12.938415265277778,77.49284734722222,NO PARKING,CAR,6,Jnanabharathi,No Junction,1.0416666666666667,130,319.5,4.4375,10.5,220.5,148
95,56,12.938113279967345,77.55620864876023,WRONG PARKING,CAR,5,Basavanagudi,No Junction,1.1785714285714286,152,330.0,5.892857142857143,18.0,220.4,149
287,33,12.9835753,77.67983541515152,PARKING OPPOSITE TO ANOTHER PARKED VEHICLE,PASSENGER AUTO,22,Banaswadi,No Junction,2.515151515151515,192,343.75,10.416666666666666,19.0,219.45,150
113,57,12.985471208264965,77.47977978192984,WRONG PARKING,CAR,6,Kamakshipalya,No Junction,1.0701754385964912,151,325.75,5.714912280701754,15.75,218.25,151
172,66,12.985661193939396,77.5679895530303,NO PARKING,PASSENGER AUTO,5,Sheshadripuram,No Junction,1.1363636363636365,134,319.0,4.833333333333333,10.5,217.8,152
198,44,13.041945052272728,77.61349398409091,WRONG PARKING,CAR,6,K.G. Halli,No Junction,1.7272727272727273,173,332.5,7.556818181818182,14.5,217.1,153
190,61,12.92421288798585,77.57513848639132,NO PARKING,CAR,5,Banashankari,"BTP114 - KR Road Junction, Near JSS",1.0819672131147542,141,320.5,5.254098360655738,15.75,216.7,154
123,58,13.108238843846785,77.6028213691819,WRONG PARKING,MAXI-CAB,22,Yelahanka,No Junction,1.0862068965517242,147,321.75,5.547413793103448,11.25,216.25,155
362,35,12.994979545714283,77.65396894857143,NO PARKING,CAR,0,Banaswadi,No Junction,1.9428571428571428,189,334.5,9.557142857142857,12.0,214.7,156
191,53,13.081696405819756,77.54826110635493,NO PARKING,CAR,2,Yelahanka,No Junction,1.2264150943396226,155,309.25,5.834905660377358,15.75,206.75,157
169,58,12.903501152163498,77.64207605693441,WRONG PARKING,LGV,5,HSR Layout,No Junction,1.0517241379310345,148,299.25,5.1594827586206895,11.25,202.75,158
85,54,12.999466585185186,77.48873818333333,WRONG PARKING,SCOOTER,6,Kamakshipalya,No Junction,1.0555555555555556,154,301.5,5.583333333333333,10.5,202.5,159
26,63,12.903203322222222,77.62609602698411,NO PARKING,SCOOTER,5,Madiwala,No Junction,1.031746031746032,139,294.25,4.670634920634921,15.75,201.75,160
311,31,12.979682545161287,77.51086141935484,NO PARKING,CAR,5,Jnanabharathi,No Junction,2.161290322580645,200,314.25,10.137096774193548,16.0,200.95,161
64,54,13.004445014814817,77.71098267592593,WRONG PARKING,SCOOTER,0,K.R. Pura,No Junction,1.0925925925925926,153,294.5,5.453703703703703,10.5,198.29999999999998,162
323,27,12.919249851931095,77.54212892901704,WRONG PARKING,PASSENGER AUTO,7,Banashankari,No Junction,1.6666666666666667,213,311.5,11.537037037037036,18.0,197.70000000000002,163
84,50,13.05868892,77.46640604999999,WRONG PARKING,CAR,21,No Police Station,No Junction,1.12,163,293.5,5.87,15.75,196.1,164
234,27,12.82712985925926,77.68231207037036,PARKING IN A MAIN ROAD,PRIVATE BUS,21,Electronic City,No Junction,2.7777777777777777,211,306.75,11.36111111111111,15.75,194.85,165
220,50,12.920696404,77.60048207599999,NO PARKING,SCOOTER,6,Mico Layout,BTP128 - Gorappanapalya Junction,1.2,162,291.25,5.825,15.75,194.75,166
284,57,12.876032043859649,77.61658741929826,NO PARKING,CAR,6,Hulimavu,No Junction,1.0350877192982455,150,277.0,4.859649122807017,7.5,189.0,167
301,47,13.068784787234042,77.62605123404255,NO PARKING,SCOOTER,8,Hennuru,No Junction,1.1702127659574468,167,274.0,5.829787234042553,15.75,183.20000000000002,168
104,46,12.931521104347826,77.59255009565217,WRONG PARKING,SCOOTER,7,Jayanagara,No Junction,1.0217391304347827,170,271.5,5.9021739130434785,7.5,181.3,169
99,52,13.026376003846154,77.72058755961538,NO PARKING,CAR,3,K.R. Pura,No Junction,1.0769230769230769,157,264.75,5.091346153846154,10.5,179.65,170
115,50,13.019342605136517,77.70868623212972,WRONG PARKING,CAR,6,K.R. Pura,No Junction,1.02,160,264.75,5.295,11.25,178.85,171
206,38,12.988025523684213,77.4740102263158,NO PARKING,SCOOTER,6,Kamakshipalya,No Junction,1.394736842105263,183,272.0,7.157894736842105,15.75,178.39999999999998,172
244,48,12.973514227083331,77.51259797083334,WRONG PARKING,CAR,22,Jnanabharathi,No Junction,1.0416666666666667,166,265.0,5.520833333333333,10.5,178.2,173
92,50,13.022329172,77.56284756,WRONG PARKING,CAR,0,Yeshwanthpura,No Junction,1.04,161,263.0,5.26,7.5,177.79999999999998,174
302,50,13.029171684,77.58095856599999,WRONG PARKING,CAR,5,Kodigehalli,No Junction,1.16,164,262.0,5.24,6.5,177.2,175
262,41,13.067793034146344,77.58038240243903,WRONG PARKING,CAR,6,Kodigehalli,No Junction,1.195121951219512,178,264.5,6.451219512195122,19.5,175.1,176
157,60,12.901579936666668,77.59388411833334,NO PARKING,CAR,22,J.P. Nagar,No Junction,1.0333333333333334,145,249.0,4.15,10.5,173.4,177
317,47,13.063791474468085,77.65064846808511,WRONG PARKING,CAR,6,Hennuru,No Junction,1.1063829787234043,169,256.5,5.457446808510638,10.5,172.70000000000002,178
187,49,13.116474926530612,77.5781159755102,NO PARKING,CAR,21,Yelahanka,No Junction,1.2040816326530612,165,250.0,5.1020408163265305,15.0,169.6,179
282,43,13.0573875372093,77.47235085813954,WRONG PARKING,CAR,23,No Police Station,No Junction,1.0930232558139534,174,246.25,5.726744186046512,14.25,164.95,180
338,31,13.068121799999998,77.62942264193548,NO PARKING,CAR,23,Hennuru,No Junction,1.6774193548387095,199,249.25,8.040322580645162,15.75,161.95,181
214,19,12.887470221052633,77.73848478421053,PARKING NEAR BUSTOP/SCHOOL/HOSPITAL ETC,PASSENGER AUTO,23,No Police Station,No Junction,3.0526315789473686,248,242.75,12.776315789473685,21.75,153.25,182
358,45,13.035724332592592,77.51417264962963,NO PARKING,CAR,0,Peenya,No Junction,1.2666666666666666,171,223.5,4.966666666666667,13.0,152.1,183
141,42,13.079017016666668,77.55893691904762,WRONG PARKING,CAR,21,Yelahanka,No Junction,1.0,175,225.0,5.357142857142857,7.5,151.8,184
46,51,12.917050117647058,77.50018557647059,NO PARKING,SCOOTER,5,Kengeri,No Junction,1.0196078431372548,159,216.5,4.245098039215686,10.5,150.3,185
357,30,12.990977668158347,77.68761646591902,WRONG PARKING,SCOOTER,0,Mahadevapura,No Junction,1.6333333333333333,204,229.25,7.641666666666667,13.0,149.54999999999998,186
235,41,13.011665443902436,77.56900065121951,WRONG PARKING,CAR,22,Malleshwaram,No Junction,1.1219512195121952,179,220.5,5.378048780487805,12.0,148.7,187
308,29,13.161279831034484,77.62652933448275,WRONG PARKING,CAR,20,Chikkajala,No Junction,1.3448275862068966,208,228.0,7.862068965517241,18.0,148.39999999999998,188
136,36,12.901309119444443,77.70900777222222,WRONG PARKING,CAR,1,Whitefield,No Junction,1.1944444444444444,185,217.5,6.041666666666667,8.5,144.9,189
278,44,13.014830152272726,77.76139586363637,WRONG PARKING,CAR,22,Mahadevapura,No Junction,1.0,172,212.0,4.818181818181818,6.0,144.79999999999998,190
120,21,12.986590257070452,77.64806567218797,PARKING IN A MAIN ROAD,PASSENGER AUTO,8,Jeevanbheemanagar,No Junction,2.1904761904761907,237,225.25,10.726190476190476,20.25,143.55,191
299,39,13.060786964102563,77.46124334102565,WRONG PARKING,CAR,21,No Police Station,No Junction,1.1282051282051282,181,212.0,5.435897435897436,12.0,142.79999999999998,192
89,36,12.948492297222224,77.62758465833333,WRONG PARKING,CAR,22,Ashok Nagar,No Junction,1.2222222222222223,188,209.0,5.805555555555555,18.0,139.79999999999998,193
49,36,12.944704058333334,77.60274100833334,WRONG PARKING,SCOOTER,1,Adugodi,BTP134 - Mico Bande,1.1111111111111112,187,202.0,5.611111111111111,15.75,135.6,194
277,32,12.892228190625,77.57208905,WRONG PARKING,CAR,7,Thalagattapura,No Junction,1.09375,194,202.0,6.3125,15.75,134.0,195
200,38,12.998129413157894,77.60562266052631,WRONG PARKING,CAR,23,R.T. Nagar,No Junction,1.105263157894737,182,196.0,5.157894736842105,6.5,132.79999999999998,196
207,26,12.986702138461538,77.6901161576923,WRONG PARKING,SCOOTER,19,Mahadevapura,No Junction,1.1153846153846154,216,201.75,7.759615384615385,12.0,131.45,197
193,17,12.960212888235294,77.55421707058824,NO PARKING,PASSENGER AUTO,21,Magadi Road,BTP092 - Bangalore Builders Junction,3.294117647058824,274,203.5,11.970588235294118,13.5,128.9,198
23,42,13.009083047619049,77.75887668809524,NO PARKING,SCOOTER,0,Mahadevapura,No Junction,1.0,177,183.5,4.369047619047619,7.5,126.89999999999999,199
295,40,12.88343708135979,77.5492548190156,NO PARKING,CAR,4,Thalagattapura,No Junction,1.075,180,184.75,4.61875,11.5,126.85,200
331,17,12.913915576470588,77.48673620588235,PARKING IN A MAIN ROAD,PRIVATE BUS,5,Kengeri,No Junction,2.4705882352941178,270,195.75,11.514705882352942,15.75,124.24999999999999,201
327,20,12.967554375,77.636719385,NO PARKING,CAR,7,Jeevanbheemanagar,No Junction,1.9,242,191.75,9.5875,15.75,123.05,202
112,36,12.91540688611111,77.61574693611111,WRONG PARKING,SCOOTER,22,Mico Layout,"BTP164 - 29th Main Road, BTM Layout",1.0277777777777777,186,179.0,4.972222222222222,11.5,121.8,203
249,29,12.915535541379311,77.69870208965516,WRONG PARKING,MOTOR CYCLE,21,Bellandur,No Junction,1.1724137931034482,207,174.75,6.025862068965517,9.75,116.44999999999999,204
232,24,12.9886090125,77.72919524583334,NO PARKING,SCOOTER,5,Mahadevapura,No Junction,1.625,222,175.5,7.3125,15.0,114.9,205
265,33,13.021072248484847,77.5284849030303,WRONG PARKING,CAR,0,Yeshwanthpura,No Junction,1.0303030303030305,191,166.5,5.045454545454546,7.5,113.1,206
177,17,12.92522164117647,77.4987947117647,PARKING IN A MAIN ROAD,SCOOTER,2,Kengeri,No Junction,2.5294117647058822,266,176.25,10.367647058823529,20.25,112.55,207
286,31,12.985925412903226,77.48739930967743,NO PARKING,SCOOTER,7,Kamakshipalya,No Junction,1.1290322580645162,201,164.5,5.306451612903226,15.75,111.10000000000001,208
162,28,12.987733525,77.58250393571429,NO PARKING,CAR,5,High ground,BTP054 - Shivananda Circle,1.4642857142857142,209,165.5,5.910714285714286,18.0,110.5,209
339,32,13.020768775,77.613541384375,WRONG PARKING,LGV,1,K.G. Halli,No Junction,1.0,195,160.5,5.015625,7.5,109.1,210
20,23,12.985465893891766,77.6451301339186,WRONG PARKING,PASSENGER AUTO,2,Jeevanbheemanagar,No Junction,1.565217391304348,225,164.0,7.130434782608695,14.5,107.6,211
345,31,12.887182636187772,77.64971600766752,WRONG PARKING,SCOOTER,6,Electronic City,No Junction,1.0,198,156.0,5.032258064516129,6.0,106.0,212
79,28,13.013150571428572,77.53469619642858,NO PARKING,VAN,5,Rajajinagar,No Junction,1.25,210,157.75,5.633928571428571,15.75,105.85,213
259,31,12.95010815483871,77.68973369677418,NO PARKING,CAR,0,HAL Old Airport,No Junction,1.1290322580645162,197,154.5,4.983870967741935,10.5,105.10000000000001,214
230,36,13.097972408333334,77.56755236666667,NO PARKING,SCOOTER,23,Yelahanka,No Junction,1.0,184,151.0,4.194444444444445,6.0,105.0,215
201,19,12.843111042105264,77.68740289473685,PARKING ON FOOTPATH,MOTOR CYCLE,21,Electronic City,No Junction,2.0526315789473686,249,159.75,8.407894736842104,11.25,103.44999999999999,216
135,23,12.944873965217392,77.49524996956521,NO PARKING,SCOOTER,23,Jnanabharathi,No Junction,1.4782608695652173,224,153.5,6.673913043478261,18.0,101.3,217
203,32,12.95262324375,77.619650046875,NO PARKING,SCOOTER,0,Ashok Nagar,No Junction,1.125,193,147.0,4.59375,12.0,101.0,218
122,18,13.160774227777775,77.59561080555555,NO PARKING,CAR,5,Chikkajala,No Junction,1.7777777777777777,264,155.25,8.625,15.75,100.35,219
289,25,12.92855766,77.591671928,WRONG PARKING,SCOOTER,6,Jayanagara,No Junction,1.08,219,147.0,5.88,7.5,98.2,220
246,17,12.897901994117646,77.60638921176471,NO PARKING,GOODS AUTO,21,Mico Layout,No Junction,1.8235294117647056,268,149.25,8.779411764705882,15.75,96.35,221
309,11,12.958832072727272,77.52501314545454,NO PARKING,CAR,20,Byatarayanapura,No Junction,1.9090909090909087,325,153.0,13.909090909090908,18.0,96.2,222
9,25,13.064742832,77.571298176,WRONG PARKING,CAR,4,Kodigehalli,No Junction,1.12,218,143.5,5.74,11.5,96.1,223
182,20,12.91698876,77.62911956,WRONG PARKING,SCOOTER,23,Madiwala,No Junction,1.4,241,144.75,7.2375,18.0,94.85,224
312,30,12.960996643333337,77.55096740333333,NO PARKING,CAR,22,Magadi Road,"BTP093 - Toll Gate, Mysore Road",1.0333333333333334,202,135.25,4.508333333333334,8.25,93.14999999999999,225
229,23,12.995377756521735,77.60237183913044,NO PARKING,CAR,22,R.T. Nagar,No Junction,1.3478260869565215,223,139.25,6.054347826086956,15.75,92.75,226
61,24,13.022622391666667,77.601330075,WRONG PARKING,SCOOTER,0,R.T. Nagar,No Junction,1.2083333333333333,220,136.75,5.697916666666667,11.25,91.65,227
241,22,13.019209036363636,77.61875632272728,WRONG PARKING,CAR,23,K.G. Halli,No Junction,1.3636363636363635,231,137.0,6.2272727272727275,10.5,91.0,228
130,29,12.914030731034485,77.66667892413793,NO PARKING,MOTOR CYCLE,2,Bellandur,No Junction,1.0,205,132.0,4.551724137931035,7.5,90.80000000000001,229
129,29,13.037399520689656,77.5353894862069,NO PARKING,CAR,3,Jalahalli,No Junction,1.0344827586206895,206,131.5,4.5344827586206895,10.5,90.5,230
225,19,13.094922742105265,77.5973566736842,WRONG PARKING,CAR,7,Yelahanka,No Junction,1.3157894736842106,243,137.0,7.2105263157894735,20.25,89.8,231
150,20,13.07258209,77.60411605499999,WRONG PARKING,CAR,6,Hebbala,No Junction,1.5,239,136.0,6.8,12.0,89.6,232
353,31,12.909757741935485,77.51337037741936,NO PARKING,SCOOTER,5,Kengeri,No Junction,1.0,196,128.0,4.129032258064516,5.0,89.2,233
256,26,12.8919736,77.63202441153847,WRONG PARKING,CAR,6,Hulimavu,No Junction,1.0,215,130.0,5.0,5.0,88.4,234
247,22,13.01056660909091,77.53604656818182,NO PARKING,PRIVATE BUS,5,Rajajinagar,No Junction,1.2272727272727273,232,132.0,6.0,10.5,88.0,235
375,30,12.85432268,77.66211305,NO PARKING,SCOOTER,4,Electronic City,No Junction,1.0333333333333334,203,125.5,4.183333333333334,6.0,87.3,236
267,25,13.034128308,77.572149348,WRONG PARKING,CAR,22,Kodigehalli,No Junction,1.2,217,127.0,5.08,7.5,86.2,237
88,18,13.03421296296296,77.53025489444445,WRONG PARKING,CAR,20,Yeshwanthpura,No Junction,1.6111111111111112,255,130.0,7.222222222222222,14.5,85.2,238
119,27,12.938160625925926,77.59858046296296,NO PARKING,PASSENGER AUTO,4,Wilson Garden,BTP126 - Dairy Circle,1.0,212,124.0,4.592592592592593,6.0,85.19999999999999,239
233,26,13.011106299999998,77.59504112307692,NO PARKING,SCOOTER,5,R.T. Nagar,No Junction,1.1153846153846154,214,124.25,4.778846153846154,9.75,84.95,240
306,19,12.92110340526316,77.73637175789474,NO PARKING,GOODS AUTO,1,Whitefield,No Junction,1.4210526315789471,252,128.25,6.75,15.75,84.55,241
194,19,13.175530910526316,77.63548555263158,NO PARKING,CAR,5,Chikkajala,No Junction,1.5263157894736843,244,127.0,6.684210526315789,15.75,83.8,242
356,10,13.15082957,77.61928491,PARKING IN A MAIN ROAD,LGV,7,Chikkajala,No Junction,2.3,347,132.25,13.225,18.0,83.35,243
242,22,13.059925617723524,77.50669386994943,NO PARKING,CAR,5,Chikkabanavara,No Junction,1.5,230,123.5,5.613636363636363,25.0,82.89999999999999,244
163,21,13.008323309523808,77.48431117142857,WRONG PARKING,SCOOTER,6,Kamakshipalya,No Junction,1.0476190476190477,234,121.5,5.785714285714286,7.5,81.3,245
180,23,12.884090578079116,77.63590463024606,WRONG PARKING,CAR,23,Hulimavu,No Junction,1.0,227,117.5,5.108695652173913,7.5,79.7,246
330,11,13.015611418181818,77.70939880909091,PARKING IN A MAIN ROAD,CAR,23,K.R. Pura,No Junction,2.5454545454545454,336,123.0,11.181818181818182,14.5,78.2,247
213,19,12.96876109473684,77.5592986368421,WRONG PARKING,SCOOTER,21,Magadi Road,No Junction,1.2105263157894737,245,115.5,6.078947368421052,14.5,76.89999999999999,248
300,22,13.05666899090909,77.65158540454546,WRONG PARKING,CAR,21,Hennuru,No Junction,1.0,233,113.5,5.159090909090909,7.5,76.89999999999999,249
80,13,12.888837618955865,77.67215296001051,PARKING IN A MAIN ROAD,CAR,21,Bellandur,No Junction,1.7692307692307692,303,117.0,9.0,10.5,75.4,250
243,19,13.043620121052632,77.5536246894737,WRONG PARKING,SCOOTER,6,Jalahalli,No Junction,1.0,251,112.5,5.921052631578948,7.5,75.1,251
292,22,12.938943654545454,77.63236656363637,WRONG PARKING,CAR,21,Ashok Nagar,No Junction,1.0,229,108.0,4.909090909090909,7.5,73.6,252
276,22,13.043661118181818,77.57057345,WRONG PARKING,CAR,22,Kodigehalli,No Junction,1.0454545454545454,228,106.5,4.840909090909091,11.5,72.7,253
217,16,12.9699218875,77.497226075,WRONG PARKING,SCOOTER,7,Jnanabharathi,No Junction,1.125,275,109.75,6.859375,15.75,72.25,254
236,21,13.017360095238097,77.70461603809524,NO PARKING,SCOOTER,6,K.R. Pura,No Junction,1.0952380952380951,236,105.75,5.035714285714286,8.25,71.85,255
226,23,12.981942239130436,77.62411184782609,NO PARKING,CAR,6,Halasur,No Junction,1.0434782608695652,226,103.5,4.5,6.5,71.3,256
74,21,12.994269133333331,77.75757687142857,NO PARKING,CAR,21,Mahadevapura,No Junction,1.0952380952380951,235,104.5,4.976190476190476,8.0,71.1,257
351,14,13.010608785714286,77.59052727142857,WRONG PARKING,SCOOTER,0,R.T. Nagar,No Junction,1.7142857142857142,295,107.75,7.696428571428571,17.25,70.24999999999999,258
91,18,13.068027322222225,77.44916576111112,WRONG PARKING,HGV,20,No Police Station,No Junction,1.0,260,105.0,5.833333333333333,7.5,70.2,259
210,9,12.969324964874607,77.73605062244013,PARKING IN A MAIN ROAD,CAR,7,Whitefield,No Junction,2.555555555555556,359,111.0,12.333333333333334,19.0,70.19999999999999,260
374,19,12.891824736842104,77.58144459473684,WRONG PARKING,SCOOTER,6,J.P. Nagar,No Junction,1.105263157894737,246,104.25,5.4868421052631575,15.75,70.14999999999999,261
109,18,12.948161616666669,77.55920059444445,NO PARKING,CAR,2,Basavanagudi,No Junction,1.1666666666666667,258,104.75,5.819444444444445,15.75,70.05,262
170,24,13.010778283333332,77.6587918625,NO PARKING,CAR,23,Banaswadi,No Junction,1.0416666666666667,221,98.5,4.104166666666667,6.5,68.69999999999999,263
211,15,12.976313893333332,77.52534214,WRONG PARKING,SCOOTER,7,Vijayanagara,No Junction,1.2,280,104.25,6.95,10.5,68.55,264
227,20,12.99167107,77.72043943,WRONG PARKING,CAR,6,Mahadevapura,No Junction,1.05,240,100.0,5.0,7.5,68.0,265
127,14,13.031536792857144,77.50365327142858,WRONG PARKING,PASSENGER AUTO,21,Peenya,No Junction,1.9285714285714288,302,104.0,7.428571428571429,13.5,68.0,266
167,16,12.91849764375,77.5597033875,WRONG PARKING,SCOOTER,7,Banashankari,BTP158 - Devegowda Petrol Bunk,1.0,276,102.5,6.40625,7.5,67.9,267
166,18,12.898943705555556,77.65112155555556,NO PARKING,SCOOTER,6,HSR Layout,No Junction,1.1111111111111112,262,101.0,5.611111111111111,18.0,67.8,268
313,21,13.028918452380951,77.66400555714286,NO PARKING,SCOOTER,5,Hennuru,No Junction,1.0476190476190477,238,98.5,4.690476190476191,7.5,67.5,269
178,18,13.000521599182392,77.53489366701223,WRONG PARKING,CAR,4,Vijayanagara,No Junction,1.0,263,100.0,5.555555555555555,7.5,67.2,270
254,18,12.872579838888887,77.56651447777777,WRONG PARKING,PASSENGER AUTO,6,Thalagattapura,No Junction,1.0555555555555556,257,98.75,5.486111111111111,9.75,66.45,271
370,19,13.085203484210528,77.48646901578948,WRONG PARKING,SCOOTER,23,Chikkabanavara,No Junction,1.0526315789473684,247,96.5,5.078947368421052,6.5,65.5,272
189,18,12.87503395,77.64020445555555,WRONG PARKING,LORRY/GOODS VEHICLE,21,Electronic City,No Junction,1.0555555555555556,261,96.5,5.361111111111111,7.5,65.1,273
294,19,12.938106747368424,77.62135861052631,WRONG PARKING,MOTOR CYCLE,22,Adugodi,No Junction,1.0,250,95.0,5.0,5.0,64.6,274
263,19,12.929542863157897,77.56742996842105,WRONG PARKING,SCOOTER,5,Banashankari,No Junction,1.0526315789473684,253,92.5,4.868421052631579,10.5,63.1,275
107,18,13.032410961111111,77.63683252222222,NO PARKING,SCOOTER,8,Hennuru,No Junction,1.0555555555555556,256,91.75,5.097222222222222,15.75,62.25,276
328,11,12.974704518181818,77.65450890909091,PARKING IN A MAIN ROAD,CAR,2,Jeevanbheemanagar,No Junction,1.7272727272727273,324,96.0,8.727272727272727,10.5,61.99999999999999,277
268,14,13.014734007142858,77.53809463571429,WRONG PARKING,LGV,5,Rajajinagar,No Junction,1.2142857142857142,294,92.75,6.625,15.75,61.25,278
347,16,12.965791625,77.504783375,WRONG PARKING,CAR,6,Jnanabharathi,No Junction,1.0625,279,90.25,5.640625,11.25,60.55,279
221,13,12.916493992307691,77.52058697692308,WRONG PARKING,CAR,5,Kengeri,No Junction,1.3076923076923077,307,91.5,7.038461538461538,13.5,60.1,280
250,14,12.952525085707691,77.65249909653961,WRONG PARKING,PASSENGER AUTO,23,Jeevanbheemanagar,No Junction,1.3571428571428572,293,90.75,6.482142857142857,15.75,60.05,281
336,18,12.980342477777777,77.72729565555557,WRONG PARKING,CAR,2,Mahadevapura,No Junction,1.0,259,87.0,4.833333333333333,5.0,59.4,282
273,15,12.96919204,77.51039883333333,WRONG PARKING,LGV,8,Jnanabharathi,No Junction,1.0,288,89.0,5.933333333333334,7.5,59.4,283
195,15,12.922422541219504,77.56074384710205,WRONG PARKING,CAR,22,Banashankari,BTP158 - Devegowda Petrol Bunk,1.1333333333333333,281,88.25,5.883333333333334,15.75,58.949999999999996,284
144,17,12.900129335294118,77.64707125882353,WRONG PARKING,MAXI-CAB,5,HSR Layout,No Junction,1.0,273,85.0,5.0,5.0,57.8,285
83,17,12.909188447058824,77.63905526470589,WRONG PARKING,CAR,5,HSR Layout,No Junction,1.0,267,85.0,5.0,7.5,57.8,286
305,15,12.917941426666667,77.56441363333333,WRONG PARKING,LGV,5,Banashankari,No Junction,1.0666666666666669,284,85.75,5.716666666666667,15.75,57.449999999999996,287
303,19,12.910487189473685,77.61003476842106,NO PARKING,CAR,22,Mico Layout,No Junction,1.0,254,83.0,4.368421052631579,5.0,57.4,288
297,15,13.045461493333333,77.55663362666668,NO PARKING,PASSENGER AUTO,5,Jalahalli,No Junction,1.1333333333333333,282,85.5,5.7,12.75,57.3,289
209,17,12.983478270588236,77.76814476470588,NO PARKING,SCOOTER,22,Mahadevapura,No Junction,1.0,272,83.0,4.882352941176471,7.5,56.599999999999994,290
215,10,13.021293980600309,77.678451684,NO PARKING,CAR,0,Banaswadi,No Junction,2.1,345,86.25,8.625,27.0,55.75,291
159,17,12.98782895882353,77.66380619411765,WRONG PARKING,MOTOR CYCLE,1,Banaswadi,No Junction,1.0,271,80.0,4.705882352941177,5.0,54.8,292
391,8,12.989229946409342,77.68877780187741,WRONG PARKING,MOTOR CYCLE,0,Mahadevapura,No Junction,2.5,387,84.0,10.5,13.5,53.6,293
224,13,12.88584706153846,77.5707874,WRONG PARKING,MOTOR CYCLE,6,Thalagattapura,No Junction,1.0,308,79.5,6.115384615384615,7.5,52.9,294
175,16,12.95429641875,77.62253419375,WRONG PARKING,SCOOTER,21,Ashok Nagar,No Junction,1.0,277,77.0,4.8125,5.0,52.599999999999994,295
255,17,12.906200970588236,77.59508839411764,NO PARKING,SCOOTER,21,J.P. Nagar,BTP222 - Delmia Circle,1.1176470588235294,269,76.0,4.470588235294118,6.5,52.400000000000006,296
290,11,13.003482418181818,77.58393379090909,NO PARKING,CAR,0,Sadashivanagar,No Junction,1.6363636363636365,331,79.5,7.2272727272727275,10.5,52.099999999999994,297
264,15,12.92714002,77.57802628666667,NO PARKING,CAR,22,Jayanagara,"BTP189 - New Diagonal Road, Jayanagar",1.1333333333333333,286,76.5,5.1,7.5,51.9,298
359,16,13.00059299375,77.56401761875,WRONG PARKING,CAR,23,Malleshwaram,No Junction,1.0,278,75.0,4.6875,5.0,51.4,299
321,15,12.884524457438497,77.60199120637351,WRONG PARKING,PRIVATE BUS,22,Hulimavu,No Junction,1.0,285,75.0,5.0,5.0,51.0,300
239,18,13.040933327777775,77.61752480000001,NO PARKING,TEMPO,0,Hennuru,No Junction,1.0,265,73.0,4.055555555555555,5.0,51.0,301
329,15,12.882589364060015,77.6496604965666,WRONG PARKING,CAR,22,Electronic City,No Junction,1.0,290,75.0,5.0,5.0,51.0,302
334,15,13.03609488,77.5191144,WRONG PARKING,CAR,23,Peenya,No Junction,1.0,283,75.0,5.0,5.0,51.0,303
352,10,12.93773148,77.54962497,WRONG PARKING,SCOOTER,7,Banashankari,No Junction,1.1,338,77.25,7.725,9.75,50.35,304
266,12,12.91345155,77.56728233333332,WRONG PARKING,CAR,4,K.S. Layout,BTP157 - Kadirenahalli Cross,1.3333333333333333,314,75.0,6.25,10.5,49.8,305
319,14,12.8822414,77.60987856428572,NO PARKING,SCOOTER,0,Hulimavu,No Junction,1.0714285714285714,296,71.25,5.089285714285714,17.25,48.35,306
333,11,13.019980909090908,77.67445861818182,WRONG PARKING,CAR,21,Banaswadi,No Junction,1.6363636363636365,326,72.75,6.613636363636363,17.5,48.05,307
361,15,13.0572038,77.64833924,WRONG PARKING,CAR,2,Hennuru,No Junction,1.0,287,69.0,4.6,5.0,47.4,308
240,15,13.0314557,77.57716096666667,WRONG PARKING,CAR,6,Kodigehalli,No Junction,1.0,291,69.0,4.6,5.0,47.4,309
202,14,13.052976521428572,77.64614872142856,NO PARKING,CAR,8,Hennuru,No Junction,1.0,301,69.5,4.964285714285714,7.5,47.3,310
274,12,13.025163941666667,77.51112590555556,WRONG PARKING,SCOOTER,1,Peenya,No Junction,1.1666666666666667,321,70.5,5.875,10.5,47.099999999999994,311
103,14,13.050711485714286,77.51537028571428,WRONG PARKING,CAR,21,Chikkabanavara,No Junction,1.0,297,69.0,4.928571428571429,5.0,47.0,312
212,12,13.058760858333336,77.559150575,NO PARKING,CAR,7,Jalahalli,No Junction,1.0,322,69.5,5.791666666666667,7.5,46.5,313
253,10,12.92454607,77.56449384,WRONG PARKING,SCOOTER,8,Banashankari,No Junction,1.3,343,69.75,6.975,9.75,45.85,314
218,14,12.911261357142855,77.60001507142859,NO PARKING,SCOOTER,23,Mico Layout,BTP130 - GD Mara Junction,1.0,300,67.0,4.785714285714286,6.0,45.8,315
216,11,12.933515618181817,77.601328,NO PARKING,CAR,22,Mico Layout,BTP126 - Dairy Circle,1.181818181818182,327,68.75,6.25,15.75,45.65,316
153,11,13.057503536363637,77.62657059090908,NO PARKING,SCOOTER,6,Hennuru,No Junction,1.2727272727272727,323,68.5,6.2272727272727275,10.5,45.5,317
348,10,13.00454466,77.71730723,NO PARKING,MOTOR CYCLE,5,K.R. Pura,No Junction,1.4,340,69.0,6.9,10.5,45.4,318
369,10,12.90981257,77.59509247,WRONG PARKING,SCOOTER,5,J.P. Nagar,"BTP198 - 9th Cross, 8th Main, JP Nagar",1.5,348,67.5,6.75,10.5,44.5,319
279,14,12.840304592857144,77.66327308571428,NO PARKING,SCOOTER,0,Electronic City,No Junction,1.0714285714285714,292,64.5,4.607142857142857,5.5,44.3,320
298,9,12.912047807723782,77.48492278680504,NO PARKING,PASSENGER AUTO,23,Kengeri,No Junction,1.7777777777777777,365,67.5,7.5,15.0,44.1,321
245,11,12.99164858181818,77.52097507272728,WRONG PARKING,HGV,5,Kamakshipalya,No Junction,1.0909090909090908,332,65.75,5.9772727272727275,15.75,43.849999999999994,322
355,8,12.9164675375,77.6010830875,PARKING IN A MAIN ROAD,MOTOR CYCLE,5,Mico Layout,"BTP202 - East End Main Road, Jayanagar",1.625,369,67.5,8.4375,10.5,43.7,323
154,14,13.014537235714286,77.57413189285714,NO PARKING,CAR,1,Sadashivanagar,No Junction,1.0714285714285714,299,63.5,4.535714285714286,10.5,43.7,324
310,13,12.94844613076923,77.60201327692309,WRONG PARKING,LGV,6,Wilson Garden,BTP134 - Mico Bande,1.0,306,64.0,4.923076923076923,5.0,43.6,325
322,9,12.955915633333332,77.72630022222222,NO PARKING,CAR,2,Whitefield,No Junction,1.8888888888888888,367,65.75,7.305555555555555,9.75,43.05,326
332,13,13.094232646153843,77.5812000076923,WRONG PARKING,SCOOTER,23,Yelahanka,No Junction,1.0,305,63.0,4.846153846153846,5.0,43.0,327
343,9,12.893460022222222,77.61993555555556,WRONG PARKING,MOPED,7,Madiwala,No Junction,1.0,362,65.0,7.222222222222222,7.5,42.6,328
196,9,12.932971355555557,77.48825807777777,WRONG PARKING,CAR,6,Kengeri,No Junction,1.4444444444444444,358,65.0,7.222222222222222,14.5,42.6,329
280,15,12.974762133333334,77.64490672666666,NO PARKING,CAR,0,Jeevanbheemanagar,No Junction,1.0,289,60.0,4.0,4.0,42.0,330
283,10,12.95483525,77.68019488,NO PARKING,MOTOR CYCLE,8,HAL Old Airport,No Junction,1.2,349,63.0,6.3,10.5,41.8,331
318,12,13.055959208333334,77.63244381666667,NO PARKING,CAR,5,Hennuru,No Junction,1.0,320,60.0,5.0,6.0,40.8,332
337,12,12.980743291666665,77.72044123333333,WRONG PARKING,CAR,2,Mahadevapura,No Junction,1.0,310,60.0,5.0,5.0,40.8,333
384,12,12.901624533333331,77.63884214166667,WRONG PARKING,CAR,0,HSR Layout,No Junction,1.0,319,60.0,5.0,5.0,40.8,334
366,12,13.115409691666663,77.607038925,WRONG PARKING,MAXI-CAB,23,Yelahanka,No Junction,1.0,318,60.0,5.0,5.0,40.8,335
228,14,12.9719287,77.65414344285715,NO PARKING,SCOOTER,4,Jeevanbheemanagar,No Junction,1.0,298,58.0,4.142857142857143,6.0,40.4,336
270,12,13.043676308333334,77.58431269166667,NO PARKING,CAR,0,Kodigehalli,No Junction,1.5833333333333333,309,58.5,4.875,5.5,39.900000000000006,337
346,8,12.9166008875,77.6051119375,NO PARKING,CAR,2,Mico Layout,No Junction,1.75,388,61.0,7.625,12.0,39.800000000000004,338
45,11,13.048585254545456,77.64539769090908,NO PARKING,CAR,2,Hennuru,No Junction,1.0909090909090908,334,59.0,5.363636363636363,10.5,39.8,339
316,12,13.194273325,77.698449025,NO PARKING,CAR,20,Devanahalli Airport,No Junction,1.0,315,58.0,4.833333333333333,6.0,39.599999999999994,340
386,11,13.044801363636363,77.60112247272728,WRONG PARKING,CAR,6,Hebbala,No Junction,1.181818181818182,335,58.0,5.2727272727272725,6.5,39.199999999999996,341
304,12,12.896342083333332,77.58599091666666,NO PARKING,CAR,3,J.P. Nagar,No Junction,1.0,311,56.5,4.708333333333333,7.5,38.7,342
186,12,13.020627041666666,77.76217858333334,NO PARKING,CAR,23,Mahadevapura,No Junction,1.0,317,56.0,4.666666666666667,6.0,38.400000000000006,343
383,8,12.9240725804179,77.55342078210683,WRONG PARKING,CAR,4,Banashankari,BTP156 - Kamakya Junction,1.75,379,58.0,7.25,12.5,38.0,344
350,9,12.878783266666666,77.67202658888888,WRONG PARKING,CAR,6,Electronic City,No Junction,1.3333333333333333,360,57.0,6.333333333333333,12.0,37.8,345
342,10,12.89165986,77.66710126000001,NO PARKING,CAR,21,Electronic City,No Junction,1.1,339,56.25,5.625,14.25,37.75,346
258,11,12.961143936363635,77.71371378181817,WRONG PARKING,SCOOTER,21,HAL Old Airport,No Junction,1.0,333,55.0,5.0,5.0,37.4,347
261,10,12.924331853787844,77.62878228621094,WRONG PARKING,CAR,20,Adugodi,No Junction,1.0,342,55.0,5.5,7.5,37.0,348
285,11,12.952200136363636,77.57974265454546,WRONG PARKING,CAR,21,V.V.Puram (C.Pet),BTP119 - Minerva Circle,1.0,330,54.0,4.909090909090909,5.0,36.8,349
248,13,13.0187304,77.63945443846154,NO PARKING,CAR,0,Banaswadi,No Junction,1.0,304,52.0,4.0,4.0,36.4,350
382,11,12.98482330909091,77.7284985,WRONG PARKING,CAR,1,Mahadevapura,No Junction,1.0,329,53.0,4.818181818181818,5.0,36.199999999999996,351
260,12,13.041343408333333,77.62175839166666,NO PARKING,CAR,23,Hennuru,No Junction,1.0,313,52.0,4.333333333333333,6.0,36.0,352
368,9,12.924016277777778,77.63938613333333,NO PARKING,SCOOTER,21,Adugodi,No Junction,1.2222222222222223,355,52.0,5.777777777777778,18.0,34.8,353
378,11,13.023872427272726,77.7165659090909,NO PARKING,CAR,22,K.R. Pura,No Junction,1.0,328,50.0,4.545454545454546,6.0,34.4,354
288,12,13.021269183333333,77.70137299166667,NO PARKING,LGV,5,K.R. Pura,No Junction,1.0,312,49.0,4.083333333333333,5.0,34.2,355
271,10,12.96609251,77.50925494,WRONG PARKING,PRIVATE BUS,21,Jnanabharathi,No Junction,1.0,350,50.0,5.0,5.0,34.0,356
381,10,12.948854072215957,77.49966429687359,WRONG PARKING,SCOOTER,5,Jnanabharathi,No Junction,1.0,337,50.0,5.0,5.0,34.0,357
367,12,13.0725425,77.50330128333333,NO PARKING,MOTOR CYCLE,0,Chikkabanavara,No Junction,1.0,316,48.0,4.0,4.0,33.599999999999994,358
377,8,12.8935967,77.5628,NO PARKING,SCOOTER,7,K.S. Layout,No Junction,1.0,375,48.0,6.0,6.0,31.999999999999996,359
238,8,12.9385784,77.71762257500001,WRONG PARKING,LORRY/GOODS VEHICLE,1,Whitefield,No Junction,1.25,380,47.5,5.9375,12.0,31.7,360
373,10,13.060791900000002,77.64879389000001,NO PARKING,CAR,5,Hennuru,No Junction,1.0,341,45.0,4.5,5.0,31.0,361
70,9,12.923674476329175,77.65495921277343,WRONG PARKING,SCOOTER,22,Bellandur,No Junction,1.0,352,45.0,5.0,5.0,30.6,362
335,9,12.980253944444446,77.7244304,WRONG PARKING,CAR,1,Mahadevapura,No Junction,1.0,353,45.0,5.0,5.0,30.6,363
365,9,12.924727244444444,77.48522580000001,NO PARKING,SCOOTER,6,Kengeri,No Junction,1.0,354,44.0,4.888888888888889,6.0,30.0,364
349,9,12.939046566666669,77.54781904444445,WRONG PARKING,CAR,21,Banashankari,No Junction,1.0,363,44.0,4.888888888888889,5.0,30.0,365
387,9,12.946504077777778,77.4871513,WRONG PARKING,MOTOR CYCLE,5,Jnanabharathi,No Junction,1.2222222222222223,364,44.0,4.888888888888889,5.5,30.0,366
385,10,12.981055567216796,77.65701300251843,NO PARKING,CAR,0,Banaswadi,No Junction,1.0,344,43.0,4.3,5.0,29.8,367
272,7,12.973526671428573,77.64126451428571,WRONG PARKING,SCOOTER,5,Jeevanbheemanagar,No Junction,1.2857142857142858,392,45.0,6.428571428571429,10.5,29.8,368
281,9,12.895266233333334,77.62597006666667,NO PARKING,SCOOTER,21,Madiwala,No Junction,1.0,351,43.0,4.777777777777778,6.0,29.400000000000002,369
325,8,13.0801778875,77.50240062499999,NO PARKING,GOODS AUTO,21,Chikkabanavara,No Junction,1.125,383,43.0,5.375,7.5,29.0,370
237,8,13.0065319625,77.6354029625,WRONG PARKING,SCOOTER,0,Banaswadi,No Junction,1.0,376,42.5,5.3125,7.5,28.7,371
360,10,13.00764454,77.65884111,NO PARKING,SCOOTER,23,Banaswadi,No Junction,1.0,346,40.0,4.0,4.0,28.0,372
315,9,13.05363958888889,77.62132679999999,NO PARKING,CAR,4,Hennuru,No Junction,1.0,366,40.0,4.444444444444445,6.0,27.6,373
379,9,12.972648045467418,77.7006202909956,NO PARKING,SCOOTER,4,Mahadevapura,No Junction,1.0,357,40.0,4.444444444444445,5.0,27.6,374
102,8,13.0060866625,77.7514058375,WRONG PARKING,SCOOTER,0,Mahadevapura,No Junction,1.0,377,40.0,5.0,5.0,27.2,375
363,8,12.949458175,77.4883872625,WRONG PARKING,LGV,6,Jnanabharathi,No Junction,1.0,371,40.0,5.0,5.0,27.2,376
320,8,13.0133086671255,77.66204757890408,NO PARKING,CAR,1,Banaswadi,No Junction,1.125,384,40.0,5.0,7.5,27.2,377
390,8,12.9564107375,77.620990875,WRONG PARKING,MOTOR CYCLE,21,Ashok Nagar,No Junction,1.0,386,40.0,5.0,5.0,27.2,378
344,9,12.885812953340093,77.55655736483283,NO PARKING,CAR,6,Thalagattapura,No Junction,1.0,361,39.0,4.333333333333333,5.0,27.0,379
371,9,12.90306258888889,77.65053277777777,NO PARKING,CAR,1,HSR Layout,No Junction,1.0,356,38.0,4.222222222222222,6.0,26.400000000000002,380
392,8,13.0794720625,77.6339695375,NO PARKING,MOTOR CYCLE,5,Hennuru,No Junction,1.125,390,38.5,4.8125,10.5,26.299999999999997,381
372,8,12.9295149875,77.5728910875,NO PARKING,CAR,0,Banashankari,"BTP112 - 14th Cross, KR Road",1.125,368,38.5,4.8125,10.5,26.299999999999997,382
324,8,12.9480723125,77.55283585,NO PARKING,LGV,22,Basavanagudi,No Junction,1.0,385,36.0,4.5,5.0,24.799999999999997,383
192,8,12.922611425,77.5570976375,NO PARKING,CAR,5,Banashankari,BTP158 - Devegowda Petrol Bunk,1.0,373,36.0,4.5,5.0,24.799999999999997,384
199,8,12.9582579625,77.5351467375,NO PARKING,SCOOTER,4,Vijayanagara,BTP017 - Attiguppe Circle,1.0,370,35.5,4.4375,7.5,24.5,385
380,8,12.956110575,77.6019364875,NO PARKING,SCOOTER,5,Ashok Nagar,BTP172 - Nanjappa Circle,1.0,374,35.5,4.4375,7.5,24.5,386
326,8,13.0419070375,77.5572676375,NO PARKING,PASSENGER AUTO,3,Jalahalli,No Junction,1.0,381,33.0,4.125,5.0,23.0,387
341,8,13.0045895625,77.6601714,NO PARKING,MOTOR CYCLE,6,Banaswadi,No Junction,1.0,378,33.0,4.125,5.0,23.0,388
364,8,12.9260554375,77.5158938,NO PARKING,CAR,0,Kengeri,No Junction,1.0,372,32.0,4.0,4.0,22.4,389
307,8,12.9190803,77.7363405375,NO PARKING,CAR,0,Whitefield,No Junction,1.0,382,32.0,4.0,4.0,22.4,390
388,8,13.02244293467183,77.64798744737604,NO PARKING,SCOOTER,3,Hennuru,No Junction,1.0,389,32.0,4.0,4.0,22.4,391
269,7,12.923394754164988,77.57828833572391,NO PARKING,CAR,2,Jayanagara,"BTP190 - 36th Cross, 4th Main, Jayanagar",1.0,391,30.0,4.285714285714286,5.0,20.8,392
389,5,13.18672296,77.64256395999999,NO PARKING,CAR,2,Chikkajala,No Junction,1.0,393,20.0,4.0,4.0,14.0,393
